time,wealth,reward,drawdown,action,daily_return,predicted_up_probability,strategy_signal
2026-01-05,1.019941913898451,0.01994191389845079,0.0,"[0.0, 0.25, 0.25, 0.25, 0.25]",,"[0.0, 1.0, 1.0, 1.0, 1.0]","[1, 0, 0, 1, 0, 0, 0, 0, 0, 0, 0, 0, 0, 0, 0]"
2026-01-06,1.0236483505400842,0.003633968357537388,0.0,"[0.19989979959919843, 0.20170340681362725, 0.19539078156312628, 0.1993987975951904, 0.20360721442885774]",0.003633968357537487,"[0.5248618784530387, 0.5295974743488555, 0.5130228887134964, 0.5235464351486451, 0.5345961589055511]","[0, 0, 0, 0, 0, 0, 0, 0, 0, 0, 1, 0, 1, 1, 1]"
2026-01-07,1.0127886000540964,-0.021217736501520312,0.010608868250760205,"[0.2, 0.2, 0.2, 0.2, 0.2]",-0.01060886825076024,"[0.0, 0.0, 0.0, 0.0, 0.0]","[0, 0, 0, 0, 0, 1, 0, 1, 1, 1, 1, 0, 0, 0, 1]"
2026-01-08,1.0206694030382957,0.004871163383671252,0.002910127779932235,"[0.0, 0.5, 0.0, 0.0, 0.5]",0.007781291163603488,"[0.0, 0.5, 0.0, 0.0, 0.5]","[1, 0, 1, 1, 1, 1, 0, 0, 0, 1, 0, 1, 0, 0, 0]"
2026-01-09,1.0178310396319663,-0.008463803431996299,0.005682919241796877,"[0.19989979959919843, 0.20170340681362725, 0.19539078156312628, 0.1993987975951904, 0.20360721442885774]",-0.0027808841901992842,"[0.5248618784530387, 0.5295974743488555, 0.5130228887134964, 0.5235464351486451, 0.5345961589055511]","[1, 0, 0, 0, 1, 0, 1, 0, 0, 0, 1, 0, 1, 1, 1]"
2026-01-12,1.0182715587722329,-0.004819775152427922,0.005252576986046523,"[0.0, 1.0, 0.0, 0.0, 0.0]",0.00043280183361860125,"[0.0, 1.0, 0.0, 0.0, 0.0]","[0, 1, 0, 0, 0, 1, 0, 1, 1, 1, 1, 0, 0, 0, 1]"
2026-01-13,1.0094425317101128,-0.022548237292143652,0.013877635637742507,"[0.3333333333333333, 0.0, 0.3333333333333333, 0.0, 0.3333333333333333]",-0.008670601654401033,"[1.0, 0.0, 1.0, 0.0, 1.0]","[1, 0, 1, 1, 1, 1, 0, 0, 0, 1, 1, 1, 1, 1, 1]"
2026-01-14,1.0079433373204831,-0.016827366218962903,0.015342195599997764,"[0.2, 0.2, 0.2, 0.2, 0.2]",-0.001485170618965137,"[0.0, 0.0, 0.0, 0.0, 0.0]","[1, 0, 0, 0, 1, 1, 1, 1, 1, 1, 0, 1, 1, 1, 0]"
2026-01-15,1.017457161342011,0.0033906878815364097,0.006048160185875111,"[0.19989979959919843, 0.20170340681362725, 0.19539078156312628, 0.1993987975951904, 0.20360721442885774]",0.009438848067411465,"[0.5248618784530387, 0.5295974743488555, 0.5130228887134964, 0.5235464351486451, 0.5345961589055511]","[1, 1, 1, 1, 1, 0, 1, 1, 1, 0, 1, 0, 0, 1, 1]"
2026-01-16,1.0242352331684978,0.006661776125833865,0.0,"[0.19989979959919843, 0.20170340681362725, 0.19539078156312628, 0.1993987975951904, 0.20360721442885774]",0.0066617761258338515,"[0.5248618784530387, 0.5295974743488555, 0.5130228887134964, 0.5235464351486451, 0.5345961589055511]","[0, 1, 1, 1, 0, 1, 0, 0, 1, 1, 0, 1, 0, 1, 1]"
2026-01-20,0.9889516242012379,-0.06889747164449547,0.03444873582224774,"[0.19989979959919843, 0.20170340681362725, 0.19539078156312628, 0.1993987975951904, 0.20360721442885774]",-0.03444873582224772,"[0.5248618784530387, 0.5295974743488555, 0.5130228887134964, 0.5235464351486451, 0.5345961589055511]","[1, 0, 0, 1, 1, 0, 1, 0, 1, 1, 1, 0, 0, 1, 1]"
2026-01-21,1.0138271686169267,0.014991658001725191,0.010161791173081948,"[0.19989979959919843, 0.20170340681362725, 0.19539078156312628, 0.1993987975951904, 0.20360721442885774]",0.025153449174807108,"[0.5248618784530387, 0.5295974743488555, 0.5130228887134964, 0.5235464351486451, 0.5345961589055511]","[0, 1, 0, 1, 1, 1, 0, 0, 1, 1, 0, 0, 0, 0, 1]"
2026-01-22,1.0148043999150522,-0.008243779665731612,0.009207682911152258,"[0.19989979959919843, 0.20170340681362725, 0.19539078156312628, 0.1993987975951904, 0.20360721442885774]",0.0009639032454207275,"[0.5248618784530387, 0.5295974743488555, 0.5130228887134964, 0.5235464351486451, 0.5345961589055511]","[1, 0, 0, 1, 1, 0, 0, 0, 0, 1, 1, 1, 1, 1, 1]"
2026-01-23,1.0140438010320048,-0.010699787609243937,0.009950284667483699,"[0.25, 0.25, 0.25, 0.0, 0.25]",-0.0007495029417601273,"[1.0, 1.0, 1.0, 0.0, 1.0]","[0, 0, 0, 0, 1, 1, 1, 1, 1, 1, 0, 1, 1, 1, 0]"
2026-01-26,1.0121411513619176,-0.01368421354755876,0.011807914251462406,"[0.19989979959919843, 0.20170340681362725, 0.19539078156312628, 0.1993987975951904, 0.20360721442885774]",-0.0018762992960962288,"[0.5248618784530387, 0.5295974743488555, 0.5130228887134964, 0.5235464351486451, 0.5345961589055511]","[1, 1, 1, 1, 1, 0, 1, 1, 1, 0, 0, 1, 0, 0, 1]"
2026-01-27,1.0257730818528832,0.01346840850470584,0.0,"[0.19989979959919843, 0.20170340681362725, 0.19539078156312628, 0.1993987975951904, 0.20360721442885774]",0.013468408504705875,"[0.5248618784530387, 0.5295974743488555, 0.5130228887134964, 0.5235464351486451, 0.5345961589055511]","[0, 1, 1, 1, 0, 0, 1, 0, 0, 1, 1, 0, 0, 0, 0]"
2026-01-28,1.0265646426035213,0.0007716723753448127,0.0,"[0.19989979959919843, 0.20170340681362725, 0.19539078156312628, 0.1993987975951904, 0.20360721442885774]",0.0007716723753448118,"[0.5248618784530387, 0.5295974743488555, 0.5130228887134964, 0.5235464351486451, 0.5345961589055511]","[0, 1, 0, 0, 1, 1, 0, 0, 0, 0, 0, 1, 1, 0, 0]"
2026-01-29,1.0407666171343588,0.013834466863011294,0.0,"[0.19989979959919843, 0.20170340681362725, 0.19539078156312628, 0.1993987975951904, 0.20360721442885774]",0.013834466863011263,"[0.5248618784530387, 0.5295974743488555, 0.5130228887134964, 0.5235464351486451, 0.5345961589055511]","[1, 0, 0, 0, 0, 0, 1, 1, 0, 0, 1, 1, 0, 1, 0]"
2026-01-30,1.0280730361593706,-0.024392751969579077,0.012196375984789579,"[0.19989979959919843, 0.20170340681362725, 0.19539078156312628, 0.1993987975951904, 0.20360721442885774]",-0.01219637598478962,"[0.5248618784530387, 0.5295974743488555, 0.5130228887134964, 0.5235464351486451, 0.5345961589055511]","[0, 1, 1, 0, 0, 1, 1, 0, 1, 0, 1, 1, 1, 1, 0]"
2026-02-02,1.0588086254014804,0.2127068327575706,0.0,"[0.0, 0.0, 0.0, 0.0, 1.0]",0.02989630907637686,"[0.0, 0.0, 0.0, 0.0, 1.0]","[1, 1, 0, 1, 0, 1, 1, 1, 1, 0, 0, 0, 0, 0, 0]"
2026-02-03,1.0353270163590356,0.0371751673251738,0.02217738737587352,"[0.19989979959919843, 0.20170340681362725, 0.19539078156312628, 0.1993987975951904, 0.20360721442885774]",-0.022177387375873492,"[0.5248618784530387, 0.5295974743488555, 0.5130228887134964, 0.5235464351486451, 0.5345961589055511]","[1, 1, 1, 1, 0, 0, 0, 0, 0, 0, 1, 0, 1, 1, 1]"
2026-02-04,1.0193509603880864,-0.04411131754748159,0.0372660970705942,"[0.3333333333333333, 0.3333333333333333, 0.0, 0.3333333333333333, 0.0]",-0.015430927348088153,"[1.0, 1.0, 0.0, 1.0, 0.0]","[0, 0, 0, 0, 0, 1, 0, 1, 1, 1, 0, 0, 1, 0, 1]"
2026-02-05,1.0086016048074984,-0.054049401489996936,0.04741840913408162,"[0.19989979959919843, 0.20170340681362725, 0.19539078156312628, 0.1993987975951904, 0.20360721442885774]",-0.010545294013845297,"[0.5248618784530387, 0.5295974743488555, 0.5130228887134964, 0.5235464351486451, 0.5345961589055511]","[1, 0, 1, 1, 1, 0, 0, 1, 0, 1, 0, 0, 1, 1, 1]"
2026-02-06,1.0358921718286678,0.03302646549199362,0.02164362191904424,"[0.19989979959919843, 0.20170340681362725, 0.19539078156312628, 0.1993987975951904, 0.20360721442885774]",0.02705782629245168,"[0.5248618784530387, 0.5295974743488555, 0.5130228887134964, 0.5235464351486451, 0.5345961589055511]","[0, 0, 1, 0, 1, 0, 0, 1, 1, 1, 1, 0, 0, 0, 1]"
2026-02-09,1.0346089090693982,0.036735907333069646,0.022855609362745888,"[0.19989979959919843, 0.20170340681362725, 0.19539078156312628, 0.1993987975951904, 0.20360721442885774]",-0.001238799552857217,"[0.5248618784530387, 0.5295974743488555, 0.5130228887134964, 0.5235464351486451, 0.5345961589055511]","[0, 0, 1, 1, 1, 1, 0, 0, 0, 1, 1, 1, 1, 1, 1]"
2026-02-10,1.0258381009467217,3.744403854858552e-05,0.03113926696834083,"[0.19989979959919843, 0.20170340681362725, 0.19539078156312628, 0.1993987975951904, 0.20360721442885774]",-0.008477414069984812,"[0.5248618784530387, 0.5295974743488555, 0.5130228887134964, 0.5235464351486451, 0.5345961589055511]","[1, 0, 0, 0, 1, 1, 1, 1, 1, 1, 0, 1, 0, 1, 0]"
2026-02-11,1.0136171270338477,-0.02180646575421936,0.042681460354081394,"[0.19989979959919843, 0.20170340681362725, 0.19539078156312628, 0.1993987975951904, 0.20360721442885774]",-0.011913160470054307,"[0.5248618784530387, 0.5295974743488555, 0.5130228887134964, 0.5235464351486451, 0.5345961589055511]","[1, 1, 1, 1, 1, 0, 1, 0, 1, 0, 0, 0, 0, 1, 0]"
2026-02-12,0.9999593185466551,-0.07173808310314467,0.05558068327268368,"[0.19989979959919843, 0.20170340681362725, 0.19539078156312628, 0.1993987975951904, 0.20360721442885774]",-0.013474326866555142,"[0.5248618784530387, 0.5295974743488555, 0.5130228887134964, 0.5235464351486451, 0.5345961589055511]","[0, 1, 0, 1, 0, 0, 0, 0, 1, 0, 0, 1, 0, 0, 1]"
2026-02-13,1.0075159727656249,-0.07042654031568896,0.04844374271734542,"[0.19989979959919843, 0.20170340681362725, 0.19539078156312628, 0.1993987975951904, 0.20360721442885774]",0.007556961647152471,"[0.5248618784530387, 0.5295974743488555, 0.5130228887134964, 0.5235464351486451, 0.5345961589055511]","[0, 0, 0, 1, 0, 0, 1, 0, 0, 1, 0, 0, 1, 0, 1]"
2026-02-17,1.0060552624073709,-0.09692697246582349,0.04982332191911112,"[0.19989979959919843, 0.20170340681362725, 0.19539078156312628, 0.1993987975951904, 0.20360721442885774]",-0.0014498135987307537,"[0.5248618784530387, 0.5295974743488555, 0.5130228887134964, 0.5235464351486451, 0.5345961589055511]","[0, 1, 0, 0, 1, 0, 0, 1, 0, 1, 1, 0, 1, 1, 1]"
2026-02-18,1.0176491920310446,0.06744117909553737,0.038873345364776206,"[0.19989979959919843, 0.20170340681362725, 0.19539078156312628, 0.1993987975951904, 0.20360721442885774]",0.011524147884213631,"[0.5248618784530387, 0.5295974743488555, 0.5130228887134964, 0.5235464351486451, 0.5345961589055511]","[0, 0, 1, 0, 1, 1, 0, 1, 1, 1, 0, 1, 1, 1, 0]"
2026-02-19,1.0050575454112862,-0.0757548917280864,0.050765623457036654,"[0.19989979959919843, 0.20170340681362725, 0.19539078156312628, 0.1993987975951904, 0.20360721442885774]",-0.012373268429199835,"[0.5248618784530387, 0.5295974743488555, 0.5130228887134964, 0.5235464351486451, 0.5345961589055511]","[1, 0, 1, 1, 1, 0, 1, 1, 1, 0, 1, 1, 1, 1, 0]"
2026-02-20,1.0096779397743947,-0.058061471002399695,0.04640185624522678,"[0.19989979959919843, 0.20170340681362725, 0.19539078156312628, 0.1993987975951904, 0.20360721442885774]",0.004597144098070327,"[0.5248618784530387, 0.5295974743488555, 0.5130228887134964, 0.5235464351486451, 0.5345961589055511]","[0, 1, 1, 1, 0, 1, 1, 1, 1, 0, 0, 0, 0, 0, 0]"
2026-02-23,0.9765108371306813,-0.19196795378382076,0.07772678300537385,"[0.19989979959919843, 0.20170340681362725, 0.19539078156312628, 0.1993987975951904, 0.20360721442885774]",-0.03284919015971011,"[0.5248618784530387, 0.5295974743488555, 0.5130228887134964, 0.5235464351486451, 0.5345961589055511]","[1, 1, 1, 1, 0, 0, 0, 0, 0, 0, 1, 1, 1, 1, 0]"
2026-02-24,0.991297167387633,-0.12130614823843544,0.06376171896809806,"[0.19989979959919843, 0.20170340681362725, 0.19539078156312628, 0.1993987975951904, 0.20360721442885774]",0.015142003237156976,"[0.5248618784530387, 0.5295974743488555, 0.5130228887134964, 0.5235464351486451, 0.5345961589055511]","[0, 0, 0, 0, 0, 1, 1, 1, 1, 0, 0, 1, 0, 0, 1]"
2026-02-25,1.0055119126701384,-0.10499869646185603,0.050336492783228735,"[0.19989979959919843, 0.20170340681362725, 0.19539078156312628, 0.1993987975951904, 0.20360721442885774]",0.014339539897975984,"[0.5248618784530387, 0.5295974743488555, 0.5130228887134964, 0.5235464351486451, 0.5345961589055511]","[1, 1, 1, 1, 0, 0, 1, 0, 0, 1, 1, 1, 1, 1, 1]"
2026-02-26,0.9920560925321111,-0.16077945241238611,0.06304494624234659,"[0.2, 0.2, 0.2, 0.2, 0.2]",-0.0133820593952938,"[1.0, 1.0, 1.0, 1.0, 1.0]","[0, 1, 0, 0, 1, 1, 1, 1, 1, 1, 1, 1, 1, 1, 0]"
2026-02-27,0.9772742339860454,-0.2655682023988564,0.07700578693767123,"[0.19989979959919843, 0.20170340681362725, 0.19539078156312628, 0.1993987975951904, 0.20360721442885774]",-0.014900224551150809,"[0.5248618784530387, 0.5295974743488555, 0.5130228887134964, 0.5235464351486451, 0.5345961589055511]","[1, 1, 1, 1, 1, 1, 1, 1, 1, 0, 1, 0, 0, 0, 0]"
2026-03-02,0.979523606835167,-0.2190444186212398,0.07488134934322992,"[0.19989979959919843, 0.20170340681362725, 0.19539078156312628, 0.1993987975951904, 0.20360721442885774]",0.002301680296989961,"[0.5248618784530387, 0.5295974743488555, 0.5130228887134964, 0.5235464351486451, 0.5345961589055511]","[1, 1, 1, 1, 0, 1, 0, 0, 0, 0, 0, 0, 0, 0, 1]"
2026-03-03,0.9786413895030114,-0.34773028531800804,0.07571456632974732,"[0.19989979959919843, 0.20170340681362725, 0.19539078156312628, 0.1993987975951904, 0.20360721442885774]",-0.0009006595920705296,"[0.5248618784530387, 0.5295974743488555, 0.5130228887134964, 0.5235464351486451, 0.5345961589055511]","[1, 0, 0, 0, 0, 0, 0, 0, 0, 1, 0, 1, 0, 1, 0]"
2026-03-04,0.9881966142968962,-0.2294892020198223,0.06669006032871086,"[0.19989979959919843, 0.20170340681362725, 0.19539078156312628, 0.1993987975951904, 0.20360721442885774]",0.009763765252905676,"[0.5248618784530387, 0.5295974743488555, 0.5130228887134964, 0.5235464351486451, 0.5345961589055511]","[0, 0, 0, 0, 1, 0, 1, 0, 1, 0, 1, 0, 0, 0, 1]"
2026-03-05,0.9802515765996361,-0.21270809275876157,0.0741938126656806,"[0.19989979959919843, 0.20170340681362725, 0.19539078156312628, 0.1993987975951904, 0.20360721442885774]",-0.008039936164841999,"[0.5248618784530387, 0.5295974743488555, 0.5130228887134964, 0.5235464351486451, 0.5345961589055511]","[0, 1, 0, 1, 0, 1, 0, 0, 0, 1, 1, 1, 1, 0, 0]"
2026-03-06,0.9631505417293086,-0.25088935285262876,0.09034501738772671,"[0.19989979959919843, 0.20170340681362725, 0.19539078156312628, 0.1993987975951904, 0.20360721442885774]",-0.017445557118764166,"[0.5248618784530387, 0.5295974743488555, 0.5130228887134964, 0.5235464351486451, 0.5345961589055511]","[1, 0, 0, 0, 1, 1, 1, 1, 0, 0, 1, 1, 0, 0, 0]"
2026-03-09,0.9648812855030201,-0.3764308540522404,0.08871040303704059,"[0.19989979959919843, 0.20170340681362725, 0.19539078156312628, 0.1993987975951904, 0.20360721442885774]",0.0017969608059442699,"[0.5248618784530387, 0.5295974743488555, 0.5130228887134964, 0.5235464351486451, 0.5345961589055511]","[1, 1, 1, 0, 0, 1, 1, 0, 0, 0, 1, 0, 0, 0, 1]"
2026-03-10,0.9657579858132566,-0.36603633147643133,0.08788239664456902,"[0.19989979959919843, 0.20170340681362725, 0.19539078156312628, 0.1993987975951904, 0.20360721442885774]",0.0009086095081420886,"[0.5248618784530387, 0.5295974743488555, 0.5130228887134964, 0.5235464351486451, 0.5345961589055511]","[1, 1, 0, 0, 0, 1, 0, 0, 0, 1, 0, 1, 0, 1, 1]"
2026-03-11,0.9614838369812894,-0.3544833931158427,0.09191914958502274,"[0.19989979959919843, 0.20170340681362725, 0.19539078156312628, 0.1993987975951904, 0.20360721442885774]",-0.004425693491281857,"[0.5248618784530387, 0.5295974743488555, 0.5130228887134964, 0.5235464351486451, 0.5345961589055511]","[1, 0, 0, 0, 1, 0, 1, 0, 1, 1, 0, 1, 1, 1, 0]"
2026-03-12,0.9506759955446825,-0.36240816772793294,0.10212669906782822,"[0.19989979959919843, 0.20170340681362725, 0.19539078156312628, 0.1993987975951904, 0.20360721442885774]",-0.011240793678383154,"[0.5248618784530387, 0.5295974743488555, 0.5130228887134964, 0.5235464351486451, 0.5345961589055511]","[0, 1, 0, 1, 1, 0, 1, 1, 1, 0, 0, 1, 0, 0, 0]"
2026-03-13,0.9451295068094746,-0.3400279516101268,0.10736512327607906,"[0.19989979959919843, 0.20170340681362725, 0.19539078156312628, 0.1993987975951904, 0.20360721442885774]",-0.005834257687373334,"[0.5248618784530387, 0.5295974743488555, 0.5130228887134964, 0.5235464351486451, 0.5345961589055511]","[0, 1, 1, 1, 0, 0, 1, 0, 0, 0, 0, 0, 0, 0, 1]"
2026-03-16,0.9546063520105186,-0.31838391637913654,0.09841464348805265,"[0.19989979959919843, 0.20170340681362725, 0.19539078156312628, 0.1993987975951904, 0.20360721442885774]",0.010027033472942204,"[0.5248618784530387, 0.5295974743488555, 0.5130228887134964, 0.5235464351486451, 0.5345961589055511]","[0, 1, 0, 0, 0, 0, 0, 0, 0, 1, 0, 0, 0, 1, 1]"
2026-03-17,0.9658068286058732,-0.24710682169846204,0.08783626669110542,"[0.19989979959919843, 0.20170340681362725, 0.19539078156312628, 0.1993987975951904, 0.20360721442885774]",0.011733084084099232,"[0.5248618784530387, 0.5295974743488555, 0.5130228887134964, 0.5235464351486451, 0.5345961589055511]","[0, 0, 0, 0, 1, 0, 0, 0, 1, 1, 1, 1, 1, 1, 0]"
2026-03-18,0.9557275643863763,-0.35139583044063627,0.09735570578301406,"[0.19989979959919843, 0.20170340681362725, 0.19539078156312628, 0.1993987975951904, 0.20360721442885774]",-0.01043610784368354,"[0.5248618784530387, 0.5295974743488555, 0.5130228887134964, 0.5235464351486451, 0.5345961589055511]","[0, 0, 0, 1, 1, 1, 1, 1, 1, 0, 1, 0, 1, 1, 0]"
2026-03-19,0.9527208665482161,-0.31940581438521,0.10019540482401887,"[0.19989979959919843, 0.20170340681362725, 0.19539078156312628, 0.1993987975951904, 0.20360721442885774]",-0.0031459779441337377,"[0.5248618784530387, 0.5295974743488555, 0.5130228887134964, 0.5235464351486451, 0.5345961589055511]","[1, 1, 1, 1, 0, 1, 0, 1, 1, 0, 0, 0, 0, 0, 0]"
2026-03-20,0.9372828118860835,-0.41577513810329075,0.11477599501922882,"[0.0, 0.3333333333333333, 0.3333333333333333, 0.0, 0.3333333333333333]",-0.016204173965524538,"[0.0, 1.0, 1.0, 0.0, 1.0]","[1, 0, 1, 1, 0, 0, 0, 0, 0, 0, 0, 0, 1, 1, 0]"
2026-03-23,0.9549466521780093,-0.1935367039841797,0.09809324436140526,"[0.19989979959919843, 0.20170340681362725, 0.19539078156312628, 0.1993987975951904, 0.20360721442885774]",0.018845795599709225,"[0.5248618784530387, 0.5295974743488555, 0.5130228887134964, 0.5235464351486451, 0.5345961589055511]","[0, 0, 0, 0, 0, 0, 0, 1, 1, 0, 0, 0, 0, 0, 0]"
2026-03-24,0.9524449185501715,-0.2870998687976664,0.10045602604623445,"[0.19989979959919843, 0.20170340681362725, 0.19539078156312628, 0.1993987975951904, 0.20360721442885774]",-0.0026197627083480723,"[0.5248618784530387, 0.5295974743488555, 0.5130228887134964, 0.5235464351486451, 0.5345961589055511]","[0, 0, 1, 1, 0, 0, 0, 0, 0, 0, 1, 1, 1, 1, 0]"
2026-03-25,0.9582275620918254,-0.3328396475765172,0.09499456360351857,"[0.19989979959919843, 0.20170340681362725, 0.19539078156312628, 0.1993987975951904, 0.20360721442885774]",0.006071367938480066,"[0.5248618784530387, 0.5295974743488555, 0.5130228887134964, 0.5235464351486451, 0.5345961589055511]","[0, 0, 0, 0, 0, 1, 1, 1, 1, 0, 0, 0, 1, 1, 1]"
2026-03-26,0.9463825098869667,-0.34016161615514384,0.10618171482300097,"[0.19989979959919843, 0.20170340681362725, 0.19539078156312628, 0.1993987975951904, 0.20360721442885774]",-0.012361418804318958,"[0.5248618784530387, 0.5295974743488555, 0.5130228887134964, 0.5235464351486451, 0.5345961589055511]","[1, 1, 1, 1, 0, 0, 0, 1, 1, 1, 1, 1, 1, 1, 1]"
2026-03-27,0.9257390861060784,-0.3807069663673863,0.1256785561649014,"[0.19989979959919843, 0.20170340681362725, 0.19539078156312628, 0.1993987975951904, 0.20360721442885774]",-0.021812981078183635,"[0.5248618784530387, 0.5295974743488555, 0.5130228887134964, 0.5235464351486451, 0.5345961589055511]","[0, 0, 1, 1, 1, 1, 1, 1, 1, 1, 1, 0, 0, 0, 1]"
2026-03-30,0.9227379816238719,-0.4118976545020384,0.12851297251759072,"[0.25, 0.25, 0.25, 0.25, 0.0]",-0.0032418470033819258,"[0.5, 0.5, 0.5, 0.5, 0.0]","[1, 1, 1, 1, 1, 1, 0, 0, 0, 1, 0, 0, 0, 0, 1]"
2026-03-31,0.9468647314198333,-0.23569271044332646,0.10572627696454591,"[0.19989979959919843, 0.20170340681362725, 0.19539078156312628, 0.1993987975951904, 0.20360721442885774]",0.026146913074394318,"[0.5248618784530387, 0.5295974743488555, 0.5130228887134964, 0.5235464351486451, 0.5345961589055511]","[1, 0, 0, 0, 1, 0, 0, 0, 0, 1, 1, 0, 0, 1, 1]"
2026-04-01,0.9494488112047532,-0.26539550964449127,0.10328572281441317,"[0.19989979959919843, 0.20170340681362725, 0.19539078156312628, 0.1993987975951904, 0.20360721442885774]",0.0027290907551758004,"[0.5248618784530387, 0.5295974743488555, 0.5130228887134964, 0.5235464351486451, 0.5345961589055511]","[0, 0, 0, 0, 1, 1, 0, 0, 1, 1, 1, 1, 1, 1, 0]"
2026-04-02,0.9543545499680518,-0.2051444883499354,0.09865245987566594,"[0.19989979959919843, 0.20170340681362725, 0.19539078156312628, 0.1993987975951904, 0.20360721442885774]",0.005166933388513817,"[0.5248618784530387, 0.5295974743488555, 0.5130228887134964, 0.5235464351486451, 0.5345961589055511]","[1, 0, 0, 1, 1, 1, 1, 1, 1, 0, 1, 1, 1, 0, 1]"
2026-04-06,0.955101632859598,-0.12940360928989572,0.097946871657339,"[0.19989979959919843, 0.20170340681362725, 0.19539078156312628, 0.1993987975951904, 0.20360721442885774]",0.0007828148265980328,"[0.5248618784530387, 0.5295974743488555, 0.5130228887134964, 0.5235464351486451, 0.5345961589055511]","[1, 1, 1, 1, 0, 1, 1, 1, 0, 1, 1, 1, 0, 1, 1]"
2026-04-07,0.9513974260335272,-0.157927676661453,0.1014453384597475,"[0.19989979959919843, 0.20170340681362725, 0.19539078156312628, 0.1993987975951904, 0.20360721442885774]",-0.003878337863354231,"[0.5248618784530387, 0.5295974743488555, 0.5130228887134964, 0.5235464351486451, 0.5345961589055511]","[1, 1, 1, 0, 1, 1, 1, 0, 1, 1, 0, 1, 1, 0, 1]"
2026-04-08,0.9750584915473659,-0.034823713210348606,0.07909846203071681,"[0.19989979959919843, 0.20170340681362725, 0.19539078156312628, 0.1993987975951904, 0.20360721442885774]",0.02486980190022603,"[0.5248618784530387, 0.5295974743488555, 0.5130228887134964, 0.5235464351486451, 0.5345961589055511]","[1, 1, 0, 1, 1, 0, 1, 1, 0, 1, 0, 1, 0, 0, 0]"
2026-04-09,0.9736882976262513,-0.023956778516063898,0.080392552282952,"[0.19989979959919843, 0.20170340681362725, 0.19539078156312628, 0.1993987975951904, 0.20360721442885774]",-0.0014052427961939173,"[0.5248618784530387, 0.5295974743488555, 0.5130228887134964, 0.5235464351486451, 0.5345961589055511]","[0, 1, 1, 0, 1, 0, 1, 0, 0, 0, 0, 1, 1, 1, 1]"
2026-04-10,0.9657970305717754,-0.018211664981176254,0.08784552052023259,"[0.19989979959919843, 0.20170340681362725, 0.19539078156312628, 0.1993987975951904, 0.20360721442885774]",-0.008104510523248565,"[0.5248618784530387, 0.5295974743488555, 0.5130228887134964, 0.5235464351486451, 0.5345961589055511]","[0, 1, 0, 0, 0, 0, 1, 1, 1, 1, 0, 1, 0, 1, 1]"
2026-04-13,0.9746388492496015,0.050110775794062326,0.07949479644630135,"[0.19989979959919843, 0.20170340681362725, 0.19539078156312628, 0.1993987975951904, 0.20360721442885774]",0.009154944981133006,"[0.5248618784530387, 0.5295974743488555, 0.5130228887134964, 0.5235464351486451, 0.5345961589055511]","[0, 1, 1, 1, 1, 0, 1, 0, 1, 1, 0, 1, 0, 0, 0]"
2026-04-14,0.9952859549887798,0.10636245960224733,0.05999447765040065,"[0.19989979959919843, 0.20170340681362725, 0.19539078156312628, 0.1993987975951904, 0.20360721442885774]",0.02118436562945858,"[0.5248618784530387, 0.5295974743488555, 0.5130228887134964, 0.5235464351486451, 0.5345961589055511]","[0, 1, 0, 1, 1, 0, 1, 0, 0, 0, 1, 1, 1, 1, 0]"
2026-04-15,0.9956422929328148,0.06490884691317958,0.05965793152158546,"[0.0, 0.3333333333333333, 0.3333333333333333, 0.0, 0.3333333333333333]",0.00035802569326826017,"[0.0, 1.0, 1.0, 0.0, 1.0]","[0, 1, 0, 0, 0, 1, 1, 1, 1, 0, 1, 1, 1, 1, 0]"
2026-04-16,0.9968620622435119,0.11532978778254119,0.058505910956741077,"[0.19989979959919843, 0.20170340681362725, 0.19539078156312628, 0.1993987975951904, 0.20360721442885774]",0.0012251079723664127,"[0.5248618784530387, 0.5295974743488555, 0.5130228887134964, 0.5235464351486451, 0.5345961589055511]","[1, 1, 1, 1, 0, 1, 1, 1, 1, 0, 1, 1, 0, 0, 1]"
2026-04-17,1.0182392011300354,0.22074273329438768,0.03831610670536593,"[0.19989979959919843, 0.20170340681362725, 0.19539078156312628, 0.1993987975951904, 0.20360721442885774]",0.021444430173631623,"[0.5248618784530387, 0.5295974743488555, 0.5130228887134964, 0.5235464351486451, 0.5345961589055511]","[1, 1, 1, 1, 0, 1, 1, 0, 0, 1, 1, 0, 1, 0, 1]"
2026-04-20,1.015767695329255,0.28810677249494715,0.040650339485008555,"[0.19989979959919843, 0.20170340681362725, 0.19539078156312628, 0.1993987975951904, 0.20360721442885774]",-0.0024272349739016263,"[0.5248618784530387, 0.5295974743488555, 0.5130228887134964, 0.5235464351486451, 0.5345961589055511]","[1, 1, 0, 0, 1, 1, 0, 1, 0, 1, 1, 1, 1, 1, 1]"
2026-04-21,1.0120379481929545,0.2017298211389602,0.0441729280310607,"[0.19989979959919843, 0.20170340681362725, 0.19539078156312628, 0.1993987975951904, 0.20360721442885774]",-0.0036718505160685533,"[0.5248618784530387, 0.5295974743488555, 0.5130228887134964, 0.5235464351486451, 0.5345961589055511]","[1, 0, 1, 0, 1, 1, 1, 1, 1, 1, 1, 1, 0, 0, 0]"
2026-04-22,1.014930401874193,0.22857198228799558,0.04144112776815511,"[0.19989979959919843, 0.20170340681362725, 0.19539078156312628, 0.1993987975951904, 0.20360721442885774]",0.0028580486397797866,"[0.5248618784530387, 0.5295974743488555, 0.5130228887134964, 0.5235464351486451, 0.5345961589055511]","[1, 1, 1, 1, 1, 1, 1, 0, 0, 0, 1, 0, 0, 0, 1]"
2026-04-23,0.9945795420193032,0.08862136225904216,0.06066165484609901,"[0.19989979959919843, 0.20170340681362725, 0.19539078156312628, 0.1993987975951904, 0.20360721442885774]",-0.020051483153238236,"[0.5248618784530387, 0.5295974743488555, 0.5130228887134964, 0.5235464351486451, 0.5345961589055511]","[1, 1, 0, 0, 0, 1, 0, 0, 0, 1, 0, 1, 0, 1, 0]"
2026-04-24,1.0006176462211345,0.17186408385344298,0.05495892060596026,"[0.19989979959919843, 0.20170340681362725, 0.19539078156312628, 0.1993987975951904, 0.20360721442885774]",0.006071011866554121,"[0.5248618784530387, 0.5295974743488555, 0.5130228887134964, 0.5235464351486451, 0.5345961589055511]","[1, 0, 0, 0, 1, 0, 1, 0, 1, 0, 0, 0, 0, 0, 1]"
2026-04-27,1.004708297623368,0.31700500384321617,0.05109547323303908,"[0.19989979959919843, 0.20170340681362725, 0.19539078156312628, 0.1993987975951904, 0.20360721442885774]",0.004088126386419644,"[0.5248618784530387, 0.5295974743488555, 0.5130228887134964, 0.5235464351486451, 0.5345961589055511]","[0, 1, 0, 1, 0, 0, 0, 0, 0, 1, 1, 1, 0, 0, 0]"
2026-04-28,1.0062096931299187,0.34311745775086233,0.04967746862811693,"[0.19989979959919843, 0.20170340681362725, 0.19539078156312628, 0.1993987975951904, 0.20360721442885774]",0.0014943596167187323,"[0.5248618784530387, 0.5295974743488555, 0.5130228887134964, 0.5235464351486451, 0.5345961589055511]","[0, 0, 0, 0, 1, 1, 1, 0, 0, 0, 0, 1, 0, 1, 0]"
2026-04-29,0.9905269755827228,0.14903442225708846,0.06448913257848309,"[0.19989979959919843, 0.20170340681362725, 0.19539078156312628, 0.1993987975951904, 0.20360721442885774]",-0.015585933681888098,"[0.5248618784530387, 0.5295974743488555, 0.5130228887134964, 0.5235464351486451, 0.5345961589055511]","[1, 1, 0, 0, 0, 0, 1, 0, 1, 0, 1, 0, 1, 0, 0]"
2026-04-30,0.9935348134180878,0.1532775496599054,0.06164835685829623,"[0.19989979959919843, 0.20170340681362725, 0.19539078156312628, 0.1993987975951904, 0.20360721442885774]",0.0030366036559432708,"[0.5248618784530387, 0.5295974743488555, 0.5130228887134964, 0.5235464351486451, 0.5345961589055511]","[0, 1, 0, 1, 0, 1, 0, 1, 0, 0, 0, 0, 0, 0, 1]"
2026-05-01,0.9896310994409641,0.10666271708568598,0.0653352497334308,"[0.19989979959919843, 0.20170340681362725, 0.19539078156312628, 0.1993987975951904, 0.20360721442885774]",-0.003929116448062486,"[0.5248618784530387, 0.5295974743488555, 0.5130228887134964, 0.5235464351486451, 0.5345961589055511]","[1, 0, 1, 0, 0, 0, 0, 0, 0, 1, 1, 0, 1, 1, 1]"
2026-05-04,0.9856296178639845,0.07973670824659833,0.06911447997483751,"[0.19989979959919843, 0.20170340681362725, 0.19539078156312628, 0.1993987975951904, 0.20360721442885774]",-0.004043407264828214,"[0.5248618784530387, 0.5295974743488555, 0.5130228887134964, 0.5235464351486451, 0.5345961589055511]","[0, 0, 0, 0, 1, 1, 0, 1, 1, 1, 1, 0, 0, 0, 0]"
2026-05-05,0.9845002920083897,0.09188938441808302,0.07018108051860107,"[0.19989979959919843, 0.20170340681362725, 0.19539078156312628, 0.1993987975951904, 0.20360721442885774]",-0.0011457913146342147,"[0.5248618784530387, 0.5295974743488555, 0.5130228887134964, 0.5235464351486451, 0.5345961589055511]","[1, 0, 1, 1, 1, 1, 0, 0, 0, 0, 0, 1, 0, 0, 1]"
2026-05-06,1.000103398938051,0.07497215744886974,0.05544460543204342,"[0.19989979959919843, 0.20170340681362725, 0.19539078156312628, 0.1993987975951904, 0.20360721442885774]",0.015848758051488998,"[0.5248618784530387, 0.5295974743488555, 0.5130228887134964, 0.5235464351486451, 0.5345961589055511]","[1, 0, 0, 0, 0, 0, 1, 0, 0, 1, 0, 0, 1, 0, 1]"
2026-05-07,1.0101308617567815,0.13815873543568558,0.04597409057396108,"[0.19989979959919843, 0.20170340681362725, 0.19539078156312628, 0.1993987975951904, 0.20360721442885774]",0.010026426096919616,"[0.5248618784530387, 0.5295974743488555, 0.5130228887134964, 0.5235464351486451, 0.5345961589055511]","[0, 1, 0, 0, 1, 0, 0, 1, 0, 1, 0, 1, 1, 1, 0]"
2026-05-08,1.0173593390749935,0.22455392446381633,0.03914709923218657,"[0.19989979959919843, 0.20170340681362725, 0.19539078156312628, 0.1993987975951904, 0.20360721442885774]",0.0071559810633254894,"[0.5248618784530387, 0.5295974743488555, 0.5130228887134964, 0.5235464351486451, 0.5345961589055511]","[0, 0, 1, 0, 1, 0, 1, 1, 1, 0, 1, 1, 0, 0, 1]"
2026-05-11,1.0044811732043606,0.09796619620211455,0.051309982648205014,"[0.19989979959919843, 0.20170340681362725, 0.19539078156312628, 0.1993987975951904, 0.20360721442885774]",-0.012658423996325663,"[0.5248618784530387, 0.5295974743488555, 0.5130228887134964, 0.5235464351486451, 0.5345961589055511]","[0, 1, 1, 1, 0, 1, 1, 0, 0, 1, 1, 1, 1, 1, 0]"
2026-05-12,1.0114835528482822,0.04451861586450589,0.04469653100460284,"[0.19989979959919843, 0.20170340681362725, 0.19539078156312628, 0.1993987975951904, 0.20360721442885774]",0.0069711407547674575,"[0.5248618784530387, 0.5295974743488555, 0.5130228887134964, 0.5235464351486451, 0.5345961589055511]","[1, 1, 0, 0, 1, 1, 1, 1, 1, 0, 0, 1, 0, 0, 0]"
2026-05-13,1.0128495889579294,0.05099882333164331,0.04340636762958379,"[0.19989979959919843, 0.20170340681362725, 0.19539078156312628, 0.1993987975951904, 0.20360721442885774]",0.0013505272585012662,"[0.5248618784530387, 0.5295974743488555, 0.5130228887134964, 0.5235464351486451, 0.5345961589055511]","[1, 1, 1, 1, 0, 0, 1, 0, 0, 0, 0, 1, 1, 1, 1]"
2026-05-14,1.0338613323431667,0.1554246180254728,0.023561663987062935,"[0.19989979959919843, 0.20170340681362725, 0.19539078156312628, 0.1993987975951904, 0.20360721442885774]",0.020745176395692955,"[0.5248618784530387, 0.5295974743488555, 0.5130228887134964, 0.5235464351486451, 0.5345961589055511]","[0, 1, 0, 0, 0, 0, 1, 1, 1, 1, 0, 1, 0, 1, 1]"
2026-05-15,1.0154397922628018,-0.04912149496076345,0.04096003007364425,"[0.19989979959919843, 0.20170340681362725, 0.19539078156312628, 0.1993987975951904, 0.20360721442885774]",-0.01781819234753068,"[0.5248618784530387, 0.5295974743488555, 0.5130228887134964, 0.5235464351486451, 0.5345961589055511]","[0, 1, 1, 1, 1, 0, 1, 0, 1, 1, 1, 1, 1, 1, 1]"
2026-05-18,1.0174105604046773,-0.026099458871210353,0.03909872285098332,"[0.19989979959919843, 0.20170340681362725, 0.19539078156312628, 0.1993987975951904, 0.20360721442885774]",0.0019408025536244988,"[0.5248618784530387, 0.5295974743488555, 0.5130228887134964, 0.5235464351486451, 0.5345961589055511]","[0, 1, 0, 1, 1, 1, 1, 1, 1, 1, 1, 0, 0, 0, 1]"
2026-05-19,1.0083426513316163,-0.05987059460851198,0.04766297974832641,"[0.19989979959919843, 0.20170340681362725, 0.19539078156312628, 0.1993987975951904, 0.20360721442885774]",-0.008912733390003535,"[0.5248618784530387, 0.5295974743488555, 0.5130228887134964, 0.5235464351486451, 0.5345961589055511]","[1, 1, 1, 1, 1, 1, 0, 0, 0, 1, 1, 0, 0, 1, 1]"
2026-05-20,1.022073783311736,0.0029770387997552564,0.03469450588940495,"[0.19989979959919843, 0.20170340681362725, 0.19539078156312628, 0.1993987975951904, 0.20360721442885774]",0.013617525711112632,"[0.5248618784530387, 0.5295974743488555, 0.5130228887134964, 0.5235464351486451, 0.5345961589055511]","[1, 0, 0, 0, 1, 1, 0, 0, 1, 1, 0, 0, 0, 0, 1]"
2026-05-21,1.0444208828259205,0.21889559423129318,0.013588614817058461,"[0.19989979959919843, 0.20170340681362725, 0.19539078156312628, 0.1993987975951904, 0.20360721442885774]",0.02186446798564301,"[0.5248618784530387, 0.5295974743488555, 0.5130228887134964, 0.5235464351486451, 0.5345961589055511]","[1, 0, 0, 1, 1, 0, 0, 0, 0, 1, 1, 1, 1, 1, 0]"
2026-05-22,1.0426181635917513,0.18093285521573818,0.015291206948366077,"[0.19989979959919843, 0.20170340681362725, 0.19539078156312628, 0.1993987975951904, 0.20360721442885774]",-0.0017260467152777625,"[0.5248618784530387, 0.5295974743488555, 0.5130228887134964, 0.5235464351486451, 0.5345961589055511]","[0, 0, 0, 0, 1, 1, 1, 1, 1, 0, 1, 0, 1, 1, 0]"
2026-05-26,1.0377855444681532,0.1346688040154034,0.01985541147755158,"[0.19989979959919843, 0.20170340681362725, 0.19539078156312628, 0.1993987975951904, 0.20360721442885774]",-0.004635080504400646,"[0.5248618784530387, 0.5295974743488555, 0.5130228887134964, 0.5235464351486451, 0.5345961589055511]","[1, 1, 1, 1, 0, 1, 0, 1, 1, 0, 1, 0, 1, 1, 0]"
2026-05-27,1.0491240362739958,0.1854489098729791,0.00914668514700887,"[0.19989979959919843, 0.20170340681362725, 0.19539078156312628, 0.1993987975951904, 0.20360721442885774]",0.010925659801566567,"[0.5248618784530387, 0.5295974743488555, 0.5130228887134964, 0.5235464351486451, 0.5345961589055511]","[1, 0, 1, 1, 0, 1, 0, 1, 1, 0, 0, 0, 1, 1, 0]"
2026-05-28,1.0522710816084517,0.2935116898385616,0.006174433827028664,"[0.19989979959919843, 0.20170340681362725, 0.19539078156312628, 0.1993987975951904, 0.20360721442885774]",0.0029996885264709228,"[0.5248618784530387, 0.5295974743488555, 0.5130228887134964, 0.5235464351486451, 0.5345961589055511]","[1, 0, 1, 1, 0, 0, 0, 1, 1, 0, 1, 0, 1, 0, 1]"
2026-05-29,1.0649259370994515,0.3373997722274463,0.0,"[0.19989979959919843, 0.20170340681362725, 0.19539078156312628, 0.1993987975951904, 0.20360721442885774]",0.01202623136963532,"[0.5248618784530387, 0.5295974743488555, 0.5130228887134964, 0.5235464351486451, 0.5345961589055511]","[0, 0, 1, 1, 0, 1, 0, 1, 0, 1, 1, 1, 1, 0, 0]"
2026-06-01,1.085525759152335,0.432395723607532,0.0,"[0.19989979959919843, 0.20170340681362725, 0.19539078156312628, 0.1993987975951904, 0.20360721442885774]",0.019343901143953346,"[0.5248618784530387, 0.5295974743488555, 0.5130228887134964, 0.5235464351486451, 0.5345961589055511]","[1, 0, 1, 0, 1, 1, 1, 1, 0, 0, 1, 0, 0, 1, 0]"
2026-06-02,1.0890831087721156,0.47392120417634503,0.0,"[0.19989979959919843, 0.20170340681362725, 0.19539078156312628, 0.1993987975951904, 0.20360721442885774]",0.003277075269552565,"[0.5248618784530387, 0.5295974743488555, 0.5130228887134964, 0.5235464351486451, 0.5345961589055511]","[1, 1, 1, 0, 0, 1, 0, 0, 1, 0, 1, 1, 0, 0, 0]"
2026-06-03,1.0612133416869571,0.28016042761163196,0.02559011967101403,"[0.19989979959919843, 0.20170340681362725, 0.19539078156312628, 0.1993987975951904, 0.20360721442885774]",-0.02559011967101399,"[0.5248618784530387, 0.5295974743488555, 0.5130228887134964, 0.5235464351486451, 0.5345961589055511]","[1, 0, 0, 1, 0, 1, 1, 0, 0, 0, 1, 0, 0, 0, 1]"
2026-06-04,1.0756739071814636,0.286906504992034,0.012312376789839418,"[0.19989979959919843, 0.20170340681362725, 0.19539078156312628, 0.1993987975951904, 0.20360721442885774]",0.013626445245702667,"[0.5248618784530387, 0.5295974743488555, 0.5130228887134964, 0.5235464351486451, 0.5345961589055511]","[1, 1, 0, 0, 0, 1, 0, 0, 0, 1, 0, 0, 0, 0, 1]"
2026-06-05,1.04321520223408,0.07731523126348147,0.04211607559477192,"[0.19989979959919843, 0.20170340681362725, 0.19539078156312628, 0.1993987975951904, 0.20360721442885774]",-0.030175227576574426,"[0.5248618784530387, 0.5295974743488555, 0.5130228887134964, 0.5235464351486451, 0.5345961589055511]","[1, 0, 0, 0, 1, 0, 0, 0, 0, 1, 0, 1, 1, 1, 1]"
2026-06-08,1.0475027371206462,0.07097654026779907,0.03817924574952689,"[0.16666666666666666, 0.16666666666666666, 0.16666666666666666, 0.3333333333333333, 0.16666666666666666]",0.004109923702592111,"[0.5, 0.5, 0.5, 1.0, 0.5]","[0, 0, 0, 0, 1, 0, 1, 1, 1, 1, 0, 0, 0, 0, 0]"
2026-06-09,1.0468011037358198,0.1160699569913712,0.038823488029271255,"[0.19989979959919843, 0.20170340681362725, 0.19539078156312628, 0.1993987975951904, 0.20360721442885774]",-0.0006698153235905613,"[0.5248618784530387, 0.5295974743488555, 0.5130228887134964, 0.5235464351486451, 0.5345961589055511]","[0, 1, 1, 1, 1, 0, 0, 0, 0, 0, 0, 1, 1, 0, 1]"
2026-06-10,1.027393838516731,0.004095826036269561,0.056643308264082856,"[0.19989979959919843, 0.20170340681362725, 0.19539078156312628, 0.1993987975951904, 0.20360721442885774]",-0.0185395918573531,"[0.5248618784530387, 0.5295974743488555, 0.5130228887134964, 0.5235464351486451, 0.5345961589055511]","[0, 0, 0, 0, 0, 0, 1, 1, 0, 1, 0, 0, 0, 1, 0]"
2026-06-11,1.0371008059564792,0.03998863962237463,0.04773033609367393,"[0.19989979959919843, 0.20170340681362725, 0.19539078156312628, 0.1993987975951904, 0.20360721442885774]",0.009448146441838112,"[0.5248618784530387, 0.5295974743488555, 0.5130228887134964, 0.5235464351486451, 0.5345961589055511]","[0, 1, 1, 0, 1, 0, 0, 0, 1, 0, 0, 0, 0, 0, 1]"
2026-06-12,1.04166615483322,-0.009740090399525003,0.043538416450472454,"[0.19989979959919843, 0.20170340681362725, 0.19539078156312628, 0.1993987975951904, 0.20360721442885774]",0.004402030015327574,"[0.5248618784530387, 0.5295974743488555, 0.5130228887134964, 0.5235464351486451, 0.5345961589055511]","[0, 0, 0, 1, 0, 0, 0, 0, 0, 1, 1, 1, 1, 1, 0]"
2026-06-15,1.0543799275677568,0.1130775419824355,0.03186458491995602,"[0.19989979959919843, 0.20170340681362725, 0.19539078156312628, 0.1993987975951904, 0.20360721442885774]",0.012205227822317477,"[0.5248618784530387, 0.5295974743488555, 0.5130228887134964, 0.5235464351486451, 0.5345961589055511]","[0, 0, 0, 0, 1, 1, 1, 1, 1, 0, 0, 1, 1, 1, 1]"
2026-06-16,1.0476612139643786,0.07542851001736936,0.0380337317456314,"[0.25, 0.25, 0.25, 0.25, 0.0]",-0.006372194147205468,"[1.0, 1.0, 1.0, 1.0, 0.0]","[1, 1, 1, 1, 0, 0, 1, 1, 1, 1, 0, 1, 1, 1, 0]"
2026-06-17,1.0275005936957757,0.01638054304195761,0.056545285277421024,"[0.19989979959919843, 0.20170340681362725, 0.19539078156312628, 0.1993987975951904, 0.20360721442885774]",-0.019243453895095075,"[0.5248618784530387, 0.5295974743488555, 0.5130228887134964, 0.5235464351486451, 0.5345961589055511]","[0, 1, 1, 1, 1, 0, 1, 1, 1, 0, 1, 0, 0, 1, 1]"
2026-06-18,1.0180359917956643,-0.07205158201179661,0.06523571654375689,"[0.19989979959919843, 0.20170340681362725, 0.19539078156312628, 0.1993987975951904, 0.20360721442885774]",-0.009211286064632396,"[0.5248618784530387, 0.5295974743488555, 0.5130228887134964, 0.5235464351486451, 0.5345961589055511]","[0, 1, 1, 1, 0, 1, 0, 0, 1, 1, 0, 0, 0, 1, 0]"
